Domain,Top 1 Soft Skill,Top 2 Soft Skill,Top 3 Soft Skill,Top 4 Soft Skill,Top 5 Soft Skill,Top 6 Soft Skill,Top 7 Soft Skill,Top 8 Soft Skill,Top 9 Soft Skill,Top 10 Soft Skill
Other,Positivity,Communications,Research,Writing,Presentations,Collaboration,Professionalism,Scheduling,Planning,Verbal Communication Skills
Data Governance Analyst,Positivity,Communications,Collaboration,Governance,Planning,Presentations,Innovation,Decisiveness,Problem Solving,Professionalism
Data Engineers,Positivity,Collaboration,Communications,Planning,Innovation,Writing,Verbal Communication Skills,Decisiveness,Professionalism,Presentations
BI Data Analysts,Positivity,Communications,Collaboration,Planning,Presentations,Decisiveness,Innovation,Leadership,Decision Making,Research
Marketing Data Analysts,Positivity,Communications,Collaboration,Presentations,Planning,Decisiveness,Innovation,Research,Verbal Communication Skills,Problem Solving
Healthcare Data Analysts,Positivity,Communications,Planning,Collaboration,Presentations,Research,Innovation,Leadership,Scheduling,Sourcing
Operations Data Analysts,Positivity,Communications,Collaboration,Presentations,Planning,Decisiveness,Innovation,Professionalism,Scheduling,Research
Technical Data Analysts,Positivity,Communications,Collaboration,Presentations,Planning,Writing,Verbal Communication Skills,Innovation,Professionalism,Research
Financial Data Analysts,Positivity,Communications,Collaboration,Presentations,Planning,Professionalism,Decisiveness,Innovation,Research,Verbal Communication Skills
Data Scientists,Research,Positivity,Communications,Collaboration,Presentations,Innovation,Planning,Decisiveness,Professionalism,Verbal Communication Skills
Business Data Analysts,Positivity,Communications,Collaboration,Planning,Innovation,Presentations,Research,Decisiveness,Professionalism,Governance
GIS Data Analysts,Positivity,Communications,Planning,Collaboration,Professionalism,Research,Presentations,Innovation,Governance,Decisiveness
Risk Analysts,Positivity,Communications,Collaboration,Planning,Presentations,Research,Innovation,Investigation,Decisiveness,Governance
Excel expert,Positivity,Communications,Collaboration,Verbal Communication Skills,Presentations,Writing,Spreadsheets,Research,Microsoft Excel,Problem Solving
Google Analytics expert,Communications,Positivity,Collaboration,Presentations,Planning,Decisiveness,Verbal Communication Skills,Innovation,Decision Making,Sourcing
Qualitative Data Analysts,Positivity,Communications,Research,Presentations,Collaboration,Innovation,Planning,Decisiveness,Writing,Professionalism
HR Data Analysts,Positivity,Communications,Collaboration,Planning,Research,Presentations,Professionalism,Innovation,Decisiveness,Verbal Communication Skills
Supply Chain Data Analysts,Positivity,Communications,Planning,Collaboration,Innovation,Presentations,Decisiveness,Problem Solving,Scheduling,Decision Making
Quality Data Analysts,Positivity,Communications,Collaboration,Planning,Presentations,Problem Solving,Innovation,Quality Assurance,Decisiveness,Writing
